1,2
0.9999367,6.332303e-05
0.9999144,8.56186e-05
7.522058e-05,0.9999248
6.153173e-05,0.9999385
7.337391e-05,0.9999266
0.00013408563,0.9998659
6.533592e-05,0.9999347
0.99989945,0.00010053063
6.134003e-05,0.99993867
0.9999335,6.653571e-05
0.99992853,7.148054e-05
0.9999411,5.891696e-05
8.735476e-05,0.9999126
0.9998985,0.00010151254
6.247932e-05,0.99993753
0.9999224,7.762577e-05
0.9999239,7.612592e-05
8.125545e-05,0.99991876
6.359057e-05,0.9999364
6.8146444e-05,0.9999319
0.999859,0.0001410089
0.9999432,5.680891e-05
8.595334e-05,0.99991405
6.418866e-05,0.9999358
0.99992543,7.454891e-05
7.215045e-05,0.9999279
6.552366e-05,0.9999345
6.460903e-05,0.9999354
7.8244106e-05,0.99992174
6.463571e-05,0.9999354
0.9999404,5.9634953e-05
6.733947e-05,0.99993265
9.214956e-05,0.99990785
6.29072e-05,0.9999371
0.9999144,8.559501e-05
0.9998239,0.00017610285
0.99988765,0.0001123417
0.99989796,0.000102070284
0.9999094,9.062965e-05
6.796843e-05,0.99993205
0.9999315,6.851879e-05
6.3129424e-05,0.9999369
0.99993914,6.0872808e-05
0.9997298,0.00027013486
6.799637e-05,0.999932
7.523852e-05,0.9999248
0.9999362,6.377651e-05
0.99989426,0.000105741485
6.924223e-05,0.99993074
6.274436e-05,0.99993724
0.9999379,6.212676e-05
0.99994594,5.4079734e-05
0.99990964,9.0362555e-05
6.795598e-05,0.99993205
0.9989954,0.001004591
0.9999418,5.815046e-05
0.99992925,7.074262e-05
0.9999019,9.810736e-05
0.9999452,5.4780714e-05
0.9998937,0.00010629509
0.99993193,6.8073896e-05
6.8305264e-05,0.9999317
0.9999445,5.5513377e-05
0.9998382,0.00016184675
0.99994534,5.4650427e-05
7.601537e-05,0.999924
0.9999428,5.7231402e-05
0.99994254,5.7481197e-05
9.4617055e-05,0.9999054
6.694551e-05,0.99993306
6.487481e-05,0.99993515
7.470746e-05,0.9999253
7.353403e-05,0.99992645
0.99991095,8.906351e-05
0.9999423,5.77224e-05
0.99994653,5.3442433e-05
0.004623319,0.99537665
8.929457e-05,0.9999107
7.746619e-05,0.9999225
6.569283e-05,0.9999343
0.9999241,7.585129e-05
6.779979e-05,0.9999322
0.99994355,5.647278e-05
6.304682e-05,0.99993694
0.999941,5.901317e-05
6.686034e-05,0.9999331
0.9999293,7.069015e-05
7.167637e-05,0.9999283
0.000113018854,0.999887
0.9999141,8.592352e-05
0.9999016,9.8437784e-05
6.872813e-05,0.9999313
9.279876e-05,0.9999072
0.9999353,6.467684e-05
0.99991566,8.434712e-05
6.243452e-05,0.9999376
0.9999397,6.0306396e-05
9.8603785e-05,0.9999014
0.9999431,5.6948247e-05
0.99984246,0.00015752367
0.99928725,0.00071278826
6.501149e-05,0.999935
6.8351714e-05,0.99993163
0.9999407,5.933465e-05
0.9999033,9.6663796e-05
0.99994504,5.4963286e-05
6.9273534e-05,0.99993074
0.00010970016,0.9998903
6.896197e-05,0.99993104
0.99990743,9.2568516e-05
6.3392996e-05,0.9999366
7.047e-05,0.99992955
0.99990636,9.3626004e-05
0.99994034,5.967238e-05
0.99993247,6.751346e-05
0.9999395,6.0523947e-05
0.99992037,7.9634345e-05
0.9998962,0.00010378401
6.29803e-05,0.999937
0.99990183,9.820162e-05
0.9999426,5.73894e-05
8.5570595e-05,0.9999144
8.498769e-05,0.999915
6.296643e-05,0.99993706
6.802899e-05,0.999932
7.8757184e-05,0.99992126
7.4093485e-05,0.9999259
0.9999188,8.119209e-05
5.808983e-05,0.9999419
0.99983203,0.00016800032
0.9999414,5.8578753e-05
0.9999433,5.667471e-05
0.9998724,0.00012760687
6.423581e-05,0.99993575
0.999914,8.6036336e-05
0.99993646,6.355328e-05
6.646245e-05,0.99993354
0.999938,6.197066e-05
0.9999156,8.4397405e-05
0.99994266,5.731999e-05
0.00011035159,0.9998897
0.9999405,5.949783e-05
6.504318e-05,0.999935
0.99989843,0.00010157867
0.9999409,5.9150756e-05
8.0933205e-05,0.99991906
0.00011338954,0.99988663
0.00014444967,0.9998556
9.1100665e-05,0.9999089
0.4349011,0.56509894
0.9999423,5.7702582e-05
5.903692e-05,0.999941
0.9999319,6.81189e-05
6.5322514e-05,0.9999347
0.00015184902,0.9998481
6.9060494e-05,0.9999309
9.23732e-05,0.9999076
0.9999355,6.447811e-05
0.0048265695,0.99517345
0.9999266,7.338146e-05
6.4998356e-05,0.99993503
0.9999117,8.828255e-05
7.600435e-05,0.999924
0.9999321,6.7900146e-05
0.99994254,5.7439716e-05
0.9998896,0.000110412315
0.9999369,6.3142914e-05
6.1851286e-05,0.99993813
0.99991107,8.8912806e-05
0.0002339631,0.99976605
0.00010470021,0.9998953
0.999942,5.7969748e-05
6.4637126e-05,0.9999354
0.99994445,5.5543456e-05
0.99994224,5.7731202e-05
0.9999233,7.6705386e-05
0.0001337896,0.9998662
0.99993855,6.148304e-05
0.9998205,0.00017956665
0.99993306,6.692284e-05
9.3866925e-05,0.9999061
0.00011034823,0.9998897
0.9998615,0.00013854918
0.99942285,0.0005771275
0.99993473,6.529549e-05
0.00017650363,0.9998235
0.9999248,7.5209966e-05
0.9999443,5.568177e-05
0.99991703,8.299545e-05
6.436752e-05,0.9999356
6.613522e-05,0.99993384
9.349708e-05,0.9999065
6.658058e-05,0.9999334
6.430771e-05,0.9999357
6.172973e-05,0.99993825
0.9999376,6.2398336e-05
0.999921,7.899351e-05
0.9999177,8.234217e-05
0.9999316,6.840454e-05
0.99992615,7.383244e-05
6.751623e-05,0.99993247
6.178467e-05,0.9999382
6.24328e-05,0.9999376
0.999908,9.2015995e-05
0.99990827,9.1736954e-05
0.99992716,7.2841416e-05
0.9998426,0.00015741975
0.99987096,0.00012907689
6.571201e-05,0.9999343
0.99987245,0.00012758667
0.99990386,9.612001e-05
0.99993926,6.0732084e-05
6.676413e-05,0.99993324
0.9999395,6.0497172e-05
0.9999443,5.5655433e-05
0.99993545,6.456487e-05
7.045803e-05,0.99992955
6.328687e-05,0.9999367
6.129652e-05,0.9999387
9.243479e-05,0.99990755
0.99990463,9.536952e-05
0.00011226418,0.99988776
6.7428664e-05,0.9999326
0.9999034,9.66156e-05
8.445562e-05,0.99991554
0.9999355,6.44786e-05
8.64406e-05,0.9999136
0.9999132,8.676764e-05
6.461618e-05,0.9999354
8.157904e-05,0.9999184
6.248963e-05,0.99993753
0.99992347,7.651623e-05
6.63655e-05,0.99993366
0.9999031,9.691983e-05
0.99993724,6.276961e-05
7.270582e-05,0.9999273
0.99992025,7.978189e-05
0.0001389086,0.9998611
8.133909e-05,0.99991864
0.99991554,8.4480744e-05
0.999887,0.00011301636
6.7684734e-05,0.9999323
0.99993706,6.2963256e-05
6.318876e-05,0.9999368
0.00013262167,0.9998674
9.6371485e-05,0.9999036
0.9999173,8.2664184e-05
6.4686144e-05,0.9999353
0.99989325,0.00010673569
0.000111113106,0.9998889
0.9999373,6.272736e-05
0.9999461,5.3876305e-05
0.0001456595,0.9998543
6.5896056e-05,0.9999341
6.450738e-05,0.9999355
6.24328e-05,0.9999376
0.9999266,7.3398536e-05
0.9999448,5.5202127e-05
0.9999272,7.279434e-05
6.701309e-05,0.999933
5.9394653e-05,0.99994063
7.124692e-05,0.9999288
8.024013e-05,0.9999198
6.505925e-05,0.9999349
6.9308226e-05,0.9999307
0.9999419,5.8130234e-05
6.568081e-05,0.9999343
6.0422797e-05,0.99993956
6.706627e-05,0.99993294
0.99994385,5.6179666e-05
0.99994016,5.9868682e-05
0.999944,5.6009983e-05
0.018759672,0.98124033
0.9999409,5.914545e-05
0.9998751,0.00012489894
6.761075e-05,0.9999324
6.646708e-05,0.99993354
6.1042665e-05,0.99993896
0.9998766,0.00012337527
6.636846e-05,0.99993366
0.9999464,5.3557735e-05
6.6709654e-05,0.9999333
0.9999117,8.828255e-05
8.2933744e-05,0.9999171
0.99994045,5.9537044e-05
7.5375676e-05,0.9999246
0.9999336,6.637885e-05
0.99993587,6.416021e-05
0.99990946,9.052029e-05
7.3499614e-05,0.9999265
0.99990153,9.8469514e-05
8.007792e-05,0.99991995
0.9999368,6.318628e-05
0.9999448,5.5168657e-05
0.9999351,6.488681e-05
6.5974345e-05,0.999934
0.9999435,5.652283e-05
0.9999375,6.251746e-05
0.9999235,7.647423e-05
0.99993163,6.838432e-05
0.9999399,6.0077888e-05
0.9999379,6.210952e-05
0.99991506,8.492037e-05
0.99994344,5.6560468e-05
7.996422e-05,0.99992
0.99993694,6.3045976e-05
9.272002e-05,0.99990726
6.693019e-05,0.99993306
6.322926e-05,0.99993676
7.860607e-05,0.9999214
0.99994725,5.277604e-05
6.4453394e-05,0.99993557
0.99970114,0.000298819
0.99991995,8.004326e-05
0.00012855779,0.99987143
0.9998995,0.000100485784
0.9999428,5.7195935e-05
8.545237e-05,0.9999145
0.9998358,0.00016420738
8.0800804e-05,0.9999192
6.103527e-05,0.99993896
0.00016334845,0.9998367
0.99989396,0.00010602732
0.00014908308,0.9998509
0.0002963544,0.99970365
0.9999403,5.971108e-05
7.0192065e-05,0.9999298
0.99981606,0.0001839541
8.125545e-05,0.99991876
9.4947216e-05,0.99990505
6.431593e-05,0.9999357
0.9999329,6.711317e-05
7.0418e-05,0.9999296
0.9999397,6.0305825e-05
0.9999392,6.0788516e-05
7.321637e-05,0.9999268
0.99993926,6.074697e-05
0.99993485,6.5166845e-05
0.9999376,6.238644e-05
0.99994105,5.8934544e-05
0.9997994,0.00020066218
0.9999295,7.052694e-05
6.352855e-05,0.99993646
6.342323e-05,0.9999366
0.99991447,8.55631e-05
0.99993986,6.0141978e-05
0.9999421,5.7898535e-05
0.99993885,6.1156104e-05
6.0229788e-05,0.9999398
0.9999341,6.590171e-05
6.306053e-05,0.99993694
0.99993163,6.839821e-05
9.620455e-05,0.9999038
0.9999366,6.342734e-05
8.0692305e-05,0.9999193
0.99993503,6.498484e-05
6.216492e-05,0.99993783
6.627538e-05,0.9999337
0.9999291,7.092438e-05
5.9541024e-05,0.99994045
0.00010253522,0.9998975
6.0937567e-05,0.9999391
0.99992377,7.623932e-05
9.8074524e-05,0.99990195
7.298939e-05,0.999927
0.9999282,7.180697e-05
0.99989235,0.00010764365
6.600027e-05,0.999934
0.9999448,5.5198914e-05
0.9998948,0.00010518995
0.00010778775,0.99989223
0.99993205,6.79311e-05
6.270631e-05,0.9999373
0.99990594,9.4082534e-05
7.3964075e-05,0.99992603
0.0006862129,0.9993138
0.00010154255,0.99989843
0.9999372,6.2812906e-05
8.843124e-05,0.99991155
0.99994123,5.875851e-05
0.9999408,5.920854e-05
0.99993575,6.4249165e-05
7.2022856e-05,0.999928
7.3226e-05,0.99992675
6.761475e-05,0.9999324
0.9999138,8.6205015e-05
6.50899e-05,0.9999349
6.0355935e-05,0.9999396
0.9999357,6.433807e-05
0.999938,6.199289e-05
6.682859e-05,0.9999332
0.9999425,5.749331e-05
6.995037e-05,0.99993
6.6051136e-05,0.99993396
6.5080036e-05,0.9999349
0.99992365,7.637788e-05
0.99994457,5.5452743e-05
0.000111590285,0.9998884
0.99992675,7.325533e-05
6.2267565e-05,0.9999377
6.66441e-05,0.99993336
0.9998471,0.00015292925
7.172533e-05,0.9999283
0.00011047098,0.99988955
0.99993813,6.186721e-05
9.0677975e-05,0.99990934
0.9999301,6.9925896e-05
0.99992335,7.663169e-05
0.99993587,6.4127235e-05
0.99992156,7.847322e-05
0.99994516,5.484757e-05
0.999895,0.0001050304
7.725359e-05,0.99992275
0.99994475,5.5271397e-05
0.9999327,6.730873e-05
6.332122e-05,0.9999367
0.99993193,6.806837e-05
6.436998e-05,0.9999356
6.0298116e-05,0.9999397
0.9999413,5.870972e-05
7.005004e-05,0.99992996
0.9999397,6.0310944e-05
0.9999105,8.954048e-05
6.509419e-05,0.9999349
6.301027e-05,0.999937
6.303912e-05,0.99993694
6.716188e-05,0.9999328
0.9999454,5.459032e-05
0.00010520591,0.9998948
0.99994123,5.879786e-05
6.431378e-05,0.9999357
6.381185e-05,0.99993616
6.62975e-05,0.9999337
0.99993366,6.632153e-05
0.9999457,5.4293043e-05
9.4060284e-05,0.99990594
0.99995077,4.921913e-05
9.7933975e-05,0.99990207
0.9999333,6.670316e-05
0.9999395,6.0504157e-05
6.4924876e-05,0.9999351
0.00010948999,0.9998905
0.9999101,8.991113e-05
7.15645e-05,0.9999284
0.9999382,6.179522e-05
0.99994344,5.6585173e-05
0.9999291,7.092438e-05
6.1426545e-05,0.99993855
8.3537205e-05,0.99991643
0.99994177,5.8218156e-05
6.570061e-05,0.9999343
0.99992,7.997017e-05
0.9999088,9.1226284e-05
6.879055e-05,0.9999312
6.759096e-05,0.9999324
0.9999423,5.771893e-05
7.727967e-05,0.9999227
0.9999116,8.840192e-05
0.0001577786,0.9998422
6.607017e-05,0.99993396
0.99994177,5.825987e-05
0.9998936,0.000106428764
0.99994105,5.893651e-05
5.928951e-05,0.9999407
7.373464e-05,0.99992627
0.99992126,7.8746896e-05
0.99992627,7.371166e-05
6.316802e-05,0.9999368
0.99994403,5.596438e-05
0.99993235,6.763957e-05
0.9999419,5.8103564e-05
0.9999441,5.5929013e-05
0.999932,6.799053e-05
0.9998986,0.000101390266
6.1123e-05,0.9999389
6.935795e-05,0.9999306
7.7396275e-05,0.99992263
0.999901,9.89858e-05
0.9999346,6.5389635e-05
0.99994314,5.6866305e-05
0.9999172,8.27919e-05
6.5684944e-05,0.9999343
0.000100929356,0.9998991
7.957893e-05,0.9999204
8.6981214e-05,0.99991304
0.99993074,6.9245994e-05
0.99987394,0.00012609731
0.999942,5.797793e-05
9.336718e-05,0.99990666
0.00010779999,0.9998922
6.573701e-05,0.99993426
6.2676125e-05,0.9999373
0.9999289,7.1099166e-05
0.99994355,5.64752e-05
0.99994,5.99967e-05
0.9999414,5.8578753e-05
0.999936,6.402275e-05
0.9999382,6.179522e-05
7.91896e-05,0.9999208
0.9999397,6.0307146e-05
0.9999425,5.7508998e-05
0.9999437,5.6339322e-05
6.0639373e-05,0.9999394
5.8611546e-05,0.9999414
6.734942e-05,0.99993265
6.748713e-05,0.9999325
6.7662346e-05,0.99993235
0.99994564,5.4354274e-05
5.8953316e-05,0.99994105
0.9999064,9.358646e-05
0.99994016,5.9860005e-05
0.000102919905,0.99989706
0.9999273,7.270832e-05
0.00010255527,0.9998974
0.99991757,8.246634e-05
0.99994326,5.674956e-05
0.99993795,6.204559e-05
9.368487e-05,0.9999063
0.99993944,6.0555405e-05
6.146862e-05,0.99993855
9.284504e-05,0.99990714
0.99993885,6.118522e-05
6.654231e-05,0.9999335
0.9999065,9.349726e-05
0.99991083,8.915078e-05
0.9998783,0.00012175173
0.9999396,6.038369e-05
7.755208e-05,0.99992245
0.00011886354,0.99988115
0.9999308,6.923194e-05
0.9999458,5.4188866e-05
0.99981546,0.00018456059
6.684745e-05,0.9999331
0.99990183,9.816201e-05
0.99989897,0.000101059944
0.99993664,6.3368214e-05
6.66563e-05,0.99993336
6.0129245e-05,0.99993986
0.00017558076,0.9998244
0.99993074,6.928127e-05
0.9999359,6.410107e-05
0.007994977,0.99200505
0.9999407,5.9280173e-05
0.0001185292,0.99988145
0.9999433,5.6700443e-05
6.57722e-05,0.99993426
0.99994093,5.906395e-05
6.650861e-05,0.9999335
9.071689e-05,0.9999093
6.573701e-05,0.99993426
9.140688e-05,0.99990857
0.000105504696,0.9998945
6.967934e-05,0.9999303
7.046415e-05,0.99992955
6.2503386e-05,0.9999375
0.99992573,7.427174e-05
6.170272e-05,0.9999383
5.7427835e-05,0.9999426
0.99994516,5.481196e-05
0.9999306,6.939196e-05
6.232234e-05,0.99993765
0.99994487,5.5144727e-05
0.99993545,6.458026e-05
0.99989074,0.00010925658
7.176138e-05,0.99992824
0.99987847,0.000121524616
0.9998592,0.00014077727
0.9999329,6.7110996e-05
0.9999389,6.108995e-05
0.9998876,0.00011240321
7.458588e-05,0.99992543
0.9999205,7.953333e-05
7.090132e-05,0.9999291
6.6667046e-05,0.99993336
7.775387e-05,0.9999223
0.999934,6.600668e-05
6.725264e-05,0.99993277
0.9999068,9.325089e-05
0.9689763,0.031023692
0.2972145,0.7027855
9.7014236e-05,0.99990296
0.99993944,6.0563554e-05
0.99994236,5.7618236e-05
9.7363445e-05,0.99990267
0.9999281,7.190613e-05
6.5485736e-05,0.9999345
6.652505e-05,0.9999335
6.909541e-05,0.9999309
0.999931,6.90283e-05
0.99992484,7.5136566e-05
6.705265e-05,0.99993294
6.497443e-05,0.99993503
0.9999395,6.0517308e-05
6.747285e-05,0.9999325
0.99993813,6.1891056e-05
0.9999018,9.8234115e-05
0.99993193,6.8091365e-05
8.2979226e-05,0.99991703
0.99979836,0.00020164471
6.2366395e-05,0.99993765
0.99993676,6.3271604e-05
0.9999181,8.1873004e-05
5.9108184e-05,0.9999409
0.9999421,5.790345e-05
8.102912e-05,0.999919
8.168437e-05,0.99991834
0.9998972,0.00010281984
0.9998901,0.00010994625
7.4149386e-05,0.99992585
6.1335064e-05,0.99993867
7.1974726e-05,0.999928
6.9164955e-05,0.99993086
9.219103e-05,0.9999078
0.99992603,7.398405e-05
0.9999431,5.690623e-05
9.554009e-05,0.99990445
9.053799e-05,0.99990946
7.1563816e-05,0.9999284
0.99989367,0.00010634243
0.9998858,0.00011422865
9.472411e-05,0.9999053
0.99993294,6.705847e-05
0.9999321,6.7885965e-05
6.5750246e-05,0.99993426
6.747645e-05,0.9999325
6.0971746e-05,0.999939
0.9999375,6.255133e-05
0.9999095,9.048896e-05
0.99993426,6.574058e-05
0.9999225,7.747003e-05
6.652105e-05,0.9999335
0.9999406,5.942309e-05
0.99992967,7.036141e-05
0.9999088,9.11914e-05
6.3138395e-05,0.9999369
8.038732e-05,0.9999196
5.9895807e-05,0.9999401
0.00014742221,0.9998526
0.999933,6.6974106e-05
0.9999248,7.523206e-05
0.99993324,6.677177e-05
0.9999226,7.745933e-05
6.326225e-05,0.99993676
6.307546e-05,0.99993694
0.9998542,0.0001457961
0.99990773,9.229395e-05
0.9999402,5.9762413e-05
0.0014350967,0.9985649
0.99994814,5.18647e-05
0.99993944,6.0569386e-05
8.31753e-05,0.99991685
0.9999455,5.4473625e-05
0.9998949,0.000105100924
0.9999321,6.788188e-05
6.655093e-05,0.9999334
7.960238e-05,0.9999204
7.733009e-05,0.9999227
0.99994045,5.956584e-05
6.637239e-05,0.9999336
0.9999404,5.9603226e-05
0.9999388,6.121347e-05
0.9905444,0.009455618
0.9999425,5.7508998e-05
0.9999337,6.625812e-05
0.99990094,9.906294e-05
6.270434e-05,0.9999373
6.039912e-05,0.9999396
0.9999469,5.31322e-05
6.876169e-05,0.9999312
6.748134e-05,0.9999325
0.9999385,6.152539e-05
6.3341744e-05,0.99993664
0.99994135,5.8649795e-05
7.7505945e-05,0.9999225
0.9999038,9.622768e-05
0.9999371,6.291056e-05
7.5065385e-05,0.99992496
0.9999302,6.9791924e-05
0.99992955,7.042794e-05
6.967734e-05,0.9999303
0.99991506,8.493535e-05
7.352884e-05,0.99992645
8.575318e-05,0.9999142
5.846295e-05,0.9999415
6.214892e-05,0.99993783
0.9999387,6.1298866e-05
6.5502485e-05,0.9999345
0.99993485,6.512747e-05
0.9998498,0.00015022136
6.550635e-05,0.9999345
7.1020215e-05,0.99992895
0.99984795,0.00015208652
0.9999043,9.572449e-05
0.99989796,0.000102054895
6.742307e-05,0.9999326
6.6378154e-05,0.9999336
7.449617e-05,0.9999255
7.223891e-05,0.99992776
6.0426082e-05,0.99993956
0.00011563077,0.99988437
0.9999392,6.0778664e-05
0.9999359,6.405292e-05
9.5046766e-05,0.99990493
6.2622945e-05,0.99993736
8.095729e-05,0.99991906
6.146733e-05,0.99993855
7.370419e-05,0.99992627
0.9999334,6.6572e-05
6.4203356e-05,0.9999358
0.9999242,7.581679e-05
0.0001721615,0.99982786
0.0001528014,0.9998472
6.256004e-05,0.9999374
6.6448454e-05,0.99993354
0.99993926,6.0713148e-05
0.9998244,0.00017561896
8.5353895e-05,0.99991465
6.7912064e-05,0.9999321
0.99994147,5.855501e-05
0.99990416,9.5876065e-05
8.671627e-05,0.9999133
7.362777e-05,0.9999264
7.5051925e-05,0.99992496
0.9999396,6.039987e-05
8.961257e-05,0.9999104
0.9999302,6.982049e-05
6.800441e-05,0.999932
0.9999333,6.66891e-05
0.99993163,6.83673e-05
0.9999434,5.662555e-05
6.792268e-05,0.99993205
7.91896e-05,0.9999208
0.0011634446,0.9988365
9.056666e-05,0.99990946
0.9999108,8.924655e-05
0.99994427,5.5748125e-05
6.748218e-05,0.9999325
9.1096146e-05,0.9999089
0.9999426,5.7429643e-05
6.563066e-05,0.9999344
0.999933,6.6972134e-05
6.22355e-05,0.9999378
9.4617055e-05,0.9999054
7.108445e-05,0.9999289
9.420104e-05,0.9999058
7.129952e-05,0.9999287
5.7644505e-05,0.99994236
0.9999014,9.859139e-05
0.99992365,7.6358425e-05
6.636632e-05,0.99993366
8.595334e-05,0.99991405
0.99994236,5.7651872e-05
0.99993956,6.045698e-05
0.99994326,5.6733053e-05
7.185567e-05,0.9999281
6.8072724e-05,0.99993193
7.016395e-05,0.99992985
0.9999149,8.5139705e-05
7.748451e-05,0.9999225
5.8302387e-05,0.9999417
8.4859406e-05,0.9999151
0.99950814,0.0004918386
7.487092e-05,0.99992514
8.286386e-05,0.99991715
0.8315781,0.16842194
0.99993724,6.2753454e-05
0.000114006645,0.999886
0.9999437,5.6326e-05
6.309759e-05,0.9999369
0.9999215,7.853085e-05
0.99993414,6.588457e-05
7.38026e-05,0.9999262
9.39228e-05,0.99990606
5.7557496e-05,0.9999424
0.99993795,6.202464e-05
0.9999414,5.858171e-05
0.9999431,5.6952216e-05
0.99994475,5.5235458e-05
0.00014447157,0.9998555
0.99988014,0.0001198567
6.524538e-05,0.99993473
7.118295e-05,0.99992883
0.9999375,6.25258e-05
6.249784e-05,0.9999375
0.999919,8.10037e-05
0.99987066,0.00012935844
0.9999428,5.7225127e-05
0.9998266,0.00017340736
9.208095e-05,0.9999079
0.9999446,5.5347344e-05
9.7933975e-05,0.99990207
7.28017e-05,0.9999272
0.99994504,5.496391e-05
6.23856e-05,0.9999376
0.9999413,5.869539e-05
0.999938,6.1980536e-05
0.9999161,8.390845e-05
0.999905,9.5038886e-05
0.99994206,5.796649e-05
6.585277e-05,0.99993414
7.233362e-05,0.99992764
0.99994504,5.4973243e-05
0.9999433,5.6708985e-05
8.694108e-05,0.99991304
0.00015172412,0.9998483
0.9999352,6.482089e-05
0.2858275,0.7141725
6.490977e-05,0.9999351
9.1539194e-05,0.99990845
7.528158e-05,0.9999247
0.00017144563,0.9998286
6.468677e-05,0.9999353
0.00012966373,0.99987036
0.00015737009,0.99984264
0.99994,5.9997048e-05
6.693019e-05,0.99993306
0.9999322,6.7784924e-05
7.025246e-05,0.9999297
7.487863e-05,0.99992514
8.796264e-05,0.999912
7.3387346e-05,0.9999266
8.762708e-05,0.9999124
6.278758e-05,0.99993724
0.9999101,8.990085e-05
6.3191284e-05,0.9999368
8.7772765e-05,0.9999122
6.6516666e-05,0.9999335
0.00015012942,0.99984986
6.8218425e-05,0.99993175
0.99991286,8.711868e-05
0.9999299,7.011218e-05
8.147455e-05,0.9999185
7.415433e-05,0.99992585
9.23172e-05,0.9999077
9.267529e-05,0.9999073
0.9999332,6.684746e-05
0.99991363,8.6374035e-05
5.754926e-05,0.9999424
0.9999281,7.1909286e-05
0.9999457,5.430992e-05
7.3425275e-05,0.99992657
6.792877e-05,0.99993205
0.99990386,9.615953e-05
8.945846e-05,0.99991053
0.6064181,0.39358193
0.0001123956,0.9998876
9.67526e-05,0.99990326
6.547613e-05,0.99993455
8.78266e-05,0.9999122
7.4872565e-05,0.99992514
0.9999346,6.540536e-05
6.667487e-05,0.9999333
0.9999439,5.607267e-05
6.564794e-05,0.9999344
0.99988747,0.00011255123
6.604975e-05,0.99993396
0.99994445,5.558023e-05
0.9999087,9.134806e-05
0.9995897,0.0004103086
0.99993974,6.026432e-05
0.004972682,0.9950273
0.99984753,0.00015249444
6.5597495e-05,0.9999344
7.2543065e-05,0.99992746
0.99993443,6.5576045e-05
8.0528276e-05,0.9999195
6.0479924e-05,0.9999395
0.0001169896,0.999883
0.9998863,0.00011373801
0.9999357,6.433807e-05
0.9999427,5.728808e-05
6.392807e-05,0.99993604
6.7964735e-05,0.99993205
6.638467e-05,0.9999336
0.9998765,0.00012351252
0.9999465,5.3531592e-05
0.9998627,0.00013735333
0.9999217,7.832936e-05
0.99990535,9.467653e-05
0.9999386,6.138544e-05
0.99993736,6.265587e-05
6.1879604e-05,0.99993813
0.99994355,5.6420668e-05
0.99992585,7.413885e-05
0.99993485,6.513666e-05
0.9998903,0.00010967306
0.00013109892,0.9998689
6.510685e-05,0.9999349
8.708378e-05,0.9999129
0.9999433,5.669071e-05
0.999922,7.802601e-05
0.99989843,0.000101580226
0.999942,5.797328e-05
0.00016816168,0.99983186
0.00011138159,0.9998886
0.9999225,7.750403e-05
0.99994284,5.7179357e-05
0.9999339,6.607911e-05
0.9999425,5.754559e-05
0.9998814,0.00011862475
0.9999396,6.0393188e-05
0.9998428,0.00015716808
0.99990374,9.627173e-05
5.775846e-05,0.99994224
0.9998881,0.00011185938
0.99994165,5.8375823e-05
0.9999418,5.815113e-05
0.9999163,8.368663e-05
5.7107263e-05,0.9999429
0.00013109892,0.9998689
6.63655e-05,0.99993366
0.9998501,0.00014993588
6.253087e-05,0.9999375
6.6255154e-05,0.9999337
0.32143804,0.6785619
0.9999435,5.6490553e-05
0.9999357,6.428729e-05
0.9999218,7.8179655e-05
7.30717e-05,0.9999269
0.99992645,7.35395e-05
0.0001084205,0.9998916
0.99993974,6.027518e-05
9.192611e-05,0.9999081
0.99979305,0.00020697231
0.00010211069,0.9998979
0.99993294,6.7055145e-05
0.9999382,6.179946e-05
0.9998839,0.00011609833
0.9999251,7.494222e-05
7.3606854e-05,0.9999264
7.1624236e-05,0.99992836
7.129952e-05,0.9999287
0.9999412,5.8841215e-05
0.9999413,5.8705802e-05
5.9837057e-05,0.99994016
0.018016428,0.9819836
0.99989945,0.00010055978
0.9986687,0.0013313486
6.454849e-05,0.99993545
9.3412156e-05,0.9999066
0.99992985,7.014014e-05
0.99992406,7.5937336e-05
6.128706e-05,0.9999387
8.268192e-05,0.9999173
0.9999377,6.2313906e-05
7.17505e-05,0.99992824
0.9999345,6.552385e-05
0.99993,6.996398e-05
0.9999164,8.362568e-05
6.945332e-05,0.99993056
0.99988955,0.0001104398
0.999933,6.6972134e-05
0.999926,7.402751e-05
0.99994195,5.802981e-05
8.1053775e-05,0.99991894
6.537642e-05,0.9999346
0.9999215,7.853115e-05
0.9998727,0.00012734455
0.9999433,5.668444e-05
0.9998155,0.00018448016
0.99989134,0.000108678854
0.9999187,8.132591e-05
0.9999439,5.6065557e-05
0.99992573,7.427174e-05
0.9998923,0.00010771912
0.99993247,6.75362e-05
6.796162e-05,0.99993205
0.9999247,7.5273536e-05
0.9999404,5.9618236e-05
6.0685135e-05,0.9999393
7.118295e-05,0.99992883
0.9999377,6.2309504e-05
5.9357957e-05,0.99994063
6.5727174e-05,0.99993426
0.9999433,5.666385e-05
6.739601e-05,0.9999326
0.999906,9.400757e-05
0.9999203,7.968304e-05
0.99979156,0.00020846943
0.9999264,7.36251e-05
5.7125075e-05,0.9999429
0.9999402,5.9797134e-05
6.387736e-05,0.9999361
6.707037e-05,0.99993294
9.559423e-05,0.9999044
0.99990726,9.2742135e-05
0.9999299,7.007682e-05
0.00010047638,0.9998995
6.105821e-05,0.99993896
0.9999389,6.112084e-05
0.9999197,8.02849e-05
0.99994415,5.586041e-05
7.723429e-05,0.99992275
0.9999415,5.8476617e-05
0.9999416,5.8432688e-05
6.542788e-05,0.99993455
0.9998714,0.00012862009
0.99986553,0.00013446847
0.99991083,8.917305e-05
0.9998266,0.00017340736
0.999908,9.2015995e-05
0.9999428,5.7228783e-05
0.99993926,6.0738454e-05
6.157646e-05,0.9999384
0.99994,6.001759e-05
6.540817e-05,0.9999346
0.99992,7.998206e-05
5.8607806e-05,0.9999414
9.904018e-05,0.99990094
0.9999381,6.191248e-05
0.99993914,6.0854465e-05
6.319538e-05,0.9999368
0.99994576,5.4246677e-05
0.9999433,5.6668712e-05
0.9999129,8.708769e-05
0.9999439,5.607267e-05
0.00010102392,0.99989897
0.9999418,5.8166213e-05
0.00012856712,0.99987143
8.474806e-05,0.99991524
8.805487e-05,0.99991196
0.9998936,0.00010638959
0.9999118,8.821371e-05
0.9999438,5.6213532e-05
0.99994755,5.243516e-05
9.095215e-05,0.99990904
0.9999357,6.4306296e-05
0.9999049,9.5158495e-05
0.99990016,9.98486e-05
0.9999236,7.6396376e-05
0.00010483018,0.99989516
6.617194e-05,0.99993384
6.640064e-05,0.9999336
0.00014096145,0.99985904
0.9999419,5.813905e-05
0.00011023538,0.9998898
0.9999337,6.630072e-05
0.9999395,6.0476403e-05
6.637543e-05,0.9999336
0.9999387,6.1273044e-05
9.305387e-05,0.99990696
0.99991935,8.067855e-05
0.9999401,5.9929516e-05
6.4763604e-05,0.9999352
0.000120958706,0.99987906
0.99994045,5.9561637e-05
8.781966e-05,0.9999122
6.758935e-05,0.9999324
6.569697e-05,0.9999343
6.521957e-05,0.9999348
8.754999e-05,0.99991244
0.99989337,0.00010666204
0.99991286,8.714585e-05
0.00010320344,0.9998968
0.9991374,0.00086262583
0.99992657,7.341618e-05
8.611546e-05,0.9999139
0.99989,0.000109977605
0.9998421,0.00015790112
0.9999303,6.96719e-05
8.885618e-05,0.9999111
0.99991983,8.018215e-05
0.9998908,0.000109191176
6.401384e-05,0.999936
6.481298e-05,0.9999352
0.99994445,5.5526085e-05
0.9998731,0.0001269113
0.00018001496,0.99982
6.104336e-05,0.99993896
0.9999399,6.0103965e-05
8.523978e-05,0.99991477
0.9999374,6.257161e-05
0.9999461,5.3883807e-05
7.668973e-05,0.9999233
6.8803674e-05,0.9999312
0.99993336,6.661633e-05
7.05338e-05,0.9999295
0.999936,6.400548e-05
7.3785355e-05,0.9999262
0.9999367,6.33101e-05
0.9999398,6.0188795e-05
5.572225e-05,0.99994427
0.9999422,5.7796424e-05
5.8066293e-05,0.99994195
5.9211878e-05,0.9999408
0.99993217,6.781577e-05
6.811454e-05,0.9999319
0.000120464094,0.99987954
7.748451e-05,0.9999225
0.9999369,6.309759e-05
6.386111e-05,0.99993616
0.99993247,6.7560795e-05
0.00017600249,0.999824
6.5920256e-05,0.9999341
6.714511e-05,0.9999329
0.99993736,6.2664105e-05
7.287768e-05,0.9999271
0.99980545,0.00019455195
5.8773025e-05,0.99994123
0.9999463,5.3708358e-05
0.99994075,5.926328e-05
9.247279e-05,0.99990755
0.99993646,6.352298e-05
0.99989605,0.00010397906
7.609913e-05,0.9999239
0.9999121,8.794326e-05
0.9999263,7.366415e-05
0.99993545,6.4531196e-05
0.9999074,9.2637485e-05
0.999937,6.303156e-05
0.9999243,7.570553e-05
9.066483e-05,0.99990934
0.999885,0.00011501582
6.515343e-05,0.99993485
7.663235e-05,0.99992335
0.9999387,6.127736e-05
0.9999385,6.150075e-05
8.277248e-05,0.9999172
9.127909e-05,0.99990875
0.9999393,6.070244e-05
0.99993986,6.0163486e-05
0.99994403,5.598761e-05
0.17573656,0.8242634
6.132021e-05,0.99993867
6.8857495e-05,0.99993116
0.000119571436,0.99988043
0.9999448,5.518771e-05
0.99994254,5.7450074e-05
0.9999121,8.7894296e-05
0.9999236,7.643055e-05
6.7450135e-05,0.9999325
0.9998578,0.00014221811
0.9999446,5.5375644e-05
8.8687135e-05,0.9999113
0.9999402,5.9784532e-05
9.421541e-05,0.99990577
8.848221e-05,0.99991155
0.9999375,6.252133e-05
7.3906405e-05,0.9999261
0.99992675,7.3235984e-05
8.316475e-05,0.99991685
0.9998765,0.0001235389
6.328868e-05,0.9999367
0.9999413,5.8704518e-05
8.848221e-05,0.99991155
0.99994147,5.8560152e-05
0.9998921,0.00010788195
0.9816845,0.018315503
0.9999221,7.792021e-05
6.737274e-05,0.99993265
0.9999413,5.8729605e-05
0.9999039,9.608235e-05
0.99992484,7.517584e-05
7.091911e-05,0.9999291
0.9999455,5.4510205e-05
0.99994016,5.98632e-05
9.4497664e-05,0.9999055
6.430661e-05,0.9999357
6.688719e-05,0.9999331
6.299707e-05,0.999937
0.9999217,7.832936e-05
0.9998834,0.000116569114
8.168437e-05,0.99991834
9.820629e-05,0.9999018
0.03716179,0.96283823
0.00010185938,0.99989814
0.9999348,6.523786e-05
0.00015165225,0.99984837
6.1886516e-05,0.99993813
0.99992585,7.415108e-05
7.455736e-05,0.99992543
6.3465515e-05,0.9999365
0.9998322,0.00016781525
0.99990445,9.55823e-05
0.99993634,6.3643514e-05
6.360293e-05,0.9999364
8.295644e-05,0.99991703
0.99989384,0.00010615854
0.9999391,6.0897248e-05
0.00015173887,0.99984825
6.195926e-05,0.9999381
5.9090322e-05,0.99994093
6.3799074e-05,0.9999362
0.9999296,7.041693e-05
6.4434964e-05,0.99993557
7.856021e-05,0.99992144
0.9998953,0.000104737155
0.00016693809,0.99983305
7.091911e-05,0.9999291
0.9999286,7.138129e-05
0.99994254,5.747084e-05
6.9766575e-05,0.99993026
6.9580674e-05,0.99993044
7.366415e-05,0.9999263
0.99994737,5.2624364e-05
6.69141e-05,0.99993306
6.721866e-05,0.99993277
0.9998954,0.000104622064
0.99993795,6.2040854e-05
0.99992424,7.5765696e-05
9.5052295e-05,0.99990493
6.7523055e-05,0.99993247
0.9999387,6.125586e-05
0.99993646,6.3512976e-05
0.9999264,7.362053e-05
0.9999409,5.9110884e-05
0.9999454,5.4571476e-05
0.00010957325,0.99989045
0.99992806,7.192409e-05
0.9999455,5.4471755e-05
0.999907,9.29947e-05
0.999939,6.096773e-05
6.5194065e-05,0.9999348
0.9999446,5.5375644e-05
6.5643115e-05,0.9999344
6.473293e-05,0.99993527
6.63467e-05,0.99993366
6.4276624e-05,0.99993575
0.99994034,5.9683647e-05
0.99991,9.002953e-05
0.99994445,5.5543456e-05
5.9328875e-05,0.9999407
6.805118e-05,0.99993193
0.9999342,6.582339e-05
0.00014221038,0.9998578
7.7063465e-05,0.99992293
0.9999429,5.7117777e-05
0.9998731,0.00012692643
0.99993885,6.116235e-05
0.99992126,7.8723315e-05
0.9999374,6.255932e-05
0.99983186,0.00016815848
0.9999411,5.888135e-05
0.9999344,6.559893e-05
0.99991775,8.224627e-05
0.9999317,6.828806e-05
0.9999427,5.7300484e-05
0.9999369,6.3118285e-05
6.4423904e-05,0.99993557
0.00010487087,0.99989516
0.99991137,8.865856e-05
0.9999239,7.610676e-05
0.9999402,5.980244e-05
0.99994224,5.7734727e-05
6.228645e-05,0.9999377
0.99991685,8.31585e-05
0.99991167,8.8363406e-05
6.75199e-05,0.99993247
0.9999376,6.238287e-05
0.99993765,6.2337785e-05
8.2025006e-05,0.999918
0.9999036,9.635807e-05
0.9999366,6.344331e-05
0.9999328,6.7185596e-05
0.99994045,5.9532955e-05
8.1939084e-05,0.99991804
0.999931,6.9013884e-05
9.708356e-05,0.9999029
6.606714e-05,0.99993396
0.9998807,0.00011936422
0.00011338954,0.99988663
6.55913e-05,0.99993443
0.9998775,0.00012250428
6.526723e-05,0.99993473
7.970356e-05,0.9999203
0.99993896,6.101345e-05
0.999945,5.499369e-05
8.961257e-05,0.9999104
0.99994075,5.9221813e-05
0.9999257,7.435869e-05
5.9307717e-05,0.9999407
7.339084e-05,0.9999266
0.9999019,9.809715e-05
7.016034e-05,0.99992985
0.9999441,5.588695e-05
8.8798246e-05,0.9999112
0.9999288,7.122952e-05
0.086502776,0.9134972
6.976803e-05,0.9999302
6.137151e-05,0.9999386
0.9999344,6.562572e-05
6.347586e-05,0.9999365
0.9999082,9.182561e-05
0.99993783,6.21533e-05
0.9998199,0.00018016863
0.9999281,7.188535e-05
0.9999102,8.983717e-05
0.99993974,6.028243e-05
0.99994475,5.5248893e-05
0.99956864,0.000431368
0.99993265,6.734936e-05
7.114996e-05,0.99992883
0.99994355,5.643445e-05
0.9999428,5.7231402e-05
0.99993753,6.2456915e-05
6.44416e-05,0.99993557
9.4617055e-05,0.9999054
0.9999302,6.9794456e-05
0.9999266,7.3372226e-05
0.00011240311,0.9998876
6.165179e-05,0.99993837
0.9999453,5.469443e-05
0.000115323324,0.99988467
0.999942,5.7976933e-05
7.138095e-05,0.9999286
6.5322514e-05,0.9999347
0.00010269785,0.9998973
0.9999405,5.9507587e-05
6.747574e-05,0.9999325
6.0625556e-05,0.9999394
6.55201e-05,0.9999345
0.9999373,6.271613e-05
0.9985995,0.0014004969
6.354673e-05,0.99993646
0.99993813,6.1891704e-05
6.41878e-05,0.9999358
0.9999398,6.0194307e-05
0.9999356,6.44005e-05
0.9999451,5.492294e-05
6.2205065e-05,0.9999378
0.9998771,0.00012293491
7.854208e-05,0.99992144
9.494305e-05,0.99990505
6.2715575e-05,0.9999373
0.99992645,7.3561445e-05
0.9999438,5.6209083e-05
9.5513686e-05,0.9999045
7.4236414e-05,0.9999258
7.3418065e-05,0.99992657
7.4924494e-05,0.9999251
9.704338e-05,0.99990296
0.9999417,5.8317622e-05
0.99994206,5.793023e-05
0.9999398,6.0174843e-05
0.9999374,6.2594416e-05
0.99994045,5.952382e-05
0.99993205,6.793537e-05
0.9999348,6.523581e-05
0.20048799,0.799512
6.718701e-05,0.9999328
0.99992526,7.477047e-05
0.99993545,6.453077e-05
0.99993724,6.2761654e-05
0.99994546,5.4523203e-05
0.9999397,6.0306396e-05
9.513718e-05,0.9999049
0.99994284,5.716393e-05
0.9999387,6.127011e-05
8.33124e-05,0.9999167
6.301027e-05,0.999937
0.9999424,5.7589008e-05
0.99993694,6.307605e-05
6.189312e-05,0.99993813
5.7062953e-05,0.99994296
0.9999462,5.384246e-05
0.99993676,6.3229265e-05
6.879921e-05,0.9999312
6.7551264e-05,0.99993247
0.9998962,0.000103790844
6.1788676e-05,0.9999382
9.638361e-05,0.9999036
7.167793e-05,0.9999283
6.234624e-05,0.99993765
6.746519e-05,0.9999325
6.31978e-05,0.9999368
0.99994445,5.556385e-05
0.9999248,7.521326e-05
0.99990267,9.731899e-05
6.186969e-05,0.99993813
6.3607484e-05,0.9999364
0.9999154,8.45715e-05
0.9999074,9.2632006e-05
9.525964e-05,0.99990475
0.9990567,0.0009432534
0.9999427,5.7301088e-05
7.176076e-05,0.99992824
0.9999397,6.0330847e-05
0.99988496,0.00011503238
0.9999263,7.366204e-05
0.9999297,7.029924e-05
7.8056e-05,0.9999219
6.902744e-05,0.999931
6.132436e-05,0.99993867
0.60827243,0.3917276
6.4855514e-05,0.99993515
6.1539475e-05,0.9999385
0.56833553,0.4316645
9.206532e-05,0.9999079
0.9998424,0.00015759878
0.9999378,6.224323e-05
0.00013622391,0.9998638
0.6759101,0.3240899
0.9999363,6.37277e-05
9.991298e-05,0.9999001
0.99994224,5.7760717e-05
7.0169575e-05,0.99992985
0.9999396,6.0384493e-05
0.9999422,5.7831545e-05
0.00012802272,0.99987197
0.99992555,7.444696e-05
0.9999364,6.357503e-05
6.666342e-05,0.99993336
6.5746346e-05,0.99993426
0.9999406,5.941335e-05
7.486728e-05,0.99992514
6.4678374e-05,0.9999353
6.67917e-05,0.9999332
0.00010272979,0.9998973
0.99991566,8.433256e-05
0.999938,6.200944e-05
0.9999436,5.6362973e-05
0.9964375,0.0035625054
6.3191284e-05,0.9999368
8.869965e-05,0.9999113
0.99992967,7.0325055e-05
0.9999393,6.0682585e-05
0.00010237148,0.99989766
0.99991876,8.12735e-05
0.9999392,6.079385e-05
0.999945,5.5020548e-05
6.4445776e-05,0.99993557
0.9999303,6.968226e-05
0.00011238736,0.9998876
0.9999293,7.071112e-05
0.9999442,5.5796852e-05
0.99991137,8.86638e-05
6.420543e-05,0.9999358
8.742793e-05,0.99991256
6.7477486e-05,0.9999325
8.081221e-05,0.9999192
6.680336e-05,0.9999332
7.1823e-05,0.9999282
6.2332205e-05,0.99993765
0.9998861,0.0001139271
9.172559e-05,0.99990827
9.503508e-05,0.999905
0.99993074,6.9235495e-05
0.9999127,8.735461e-05
8.604429e-05,0.99991393
6.582854e-05,0.9999342
6.6356006e-05,0.99993366
0.99993753,6.2451196e-05
0.9999429,5.7116253e-05
0.9999002,9.979777e-05
7.895721e-05,0.999921
6.525596e-05,0.99993473
6.0731447e-05,0.99993926
0.9999332,6.684198e-05
6.7310524e-05,0.9999327
9.267529e-05,0.9999073
9.017456e-05,0.9999098
0.99993795,6.2050734e-05
0.999942,5.7973502e-05
0.9999388,6.124605e-05
9.9817655e-05,0.99990016
0.99994004,5.999007e-05
0.99993855,6.14647e-05
7.5006414e-05,0.999925
5.9329326e-05,0.9999407
0.9999392,6.0780232e-05
0.000115812836,0.9998842
0.9999037,9.635596e-05
8.1103026e-05,0.9999189
9.349708e-05,0.9999065
0.99990857,9.144654e-05
7.4703756e-05,0.9999253
9.177011e-05,0.9999082
8.6981214e-05,0.99991304
0.99993706,6.2963256e-05
6.442605e-05,0.99993557
0.9999461,5.3883807e-05
6.543968e-05,0.99993455
7.991467e-05,0.99992007
0.9999359,6.405854e-05
0.9999423,5.7716454e-05
0.9998145,0.00018550995
8.4734886e-05,0.99991524
0.9999414,5.85907e-05
6.045986e-05,0.99993956
0.00011512927,0.99988484
0.9999019,9.810736e-05
0.99990636,9.3626004e-05
7.2951254e-05,0.99992704
6.5936656e-05,0.9999341
6.099984e-05,0.999939
0.99990654,9.3495044e-05
6.305837e-05,0.99993694
0.6994964,0.30050364
9.348229e-05,0.99990654
6.201229e-05,0.999938
0.9999408,5.9166097e-05
0.00014605952,0.99985397
0.99994147,5.855574e-05
6.4597254e-05,0.9999354
0.999935,6.502997e-05
6.0340742e-05,0.9999397
6.093548e-05,0.9999391
0.99990743,9.256241e-05
0.9999431,5.693869e-05
0.99994344,5.6558794e-05
6.0490016e-05,0.9999395
0.9999321,6.792048e-05
7.569514e-05,0.9999243
8.224267e-05,0.99991775
8.267601e-05,0.9999173
0.9999271,7.289791e-05
0.00011084209,0.99988914
8.847883e-05,0.99991155
6.380918e-05,0.99993616
0.99993753,6.2456915e-05
9.6940166e-05,0.9999031
0.9999457,5.4293043e-05
0.9999278,7.220145e-05
0.99994224,5.7755486e-05
0.9999416,5.8444777e-05
6.2598054e-05,0.9999374
0.99993646,6.3522435e-05
0.9998774,0.00012259145
0.99994123,5.874932e-05
0.9999165,8.353905e-05
0.9999441,5.5887584e-05
7.385462e-05,0.99992615
6.603325e-05,0.99993396
7.2951254e-05,0.99992704
6.319021e-05,0.9999368
0.9999439,5.609139e-05
0.99990827,9.1751484e-05
6.421266e-05,0.9999358
0.00012881205,0.9998712
6.720494e-05,0.99993277
0.06882551,0.93117446
0.00012890444,0.9998711
7.99656e-05,0.99992
0.99994355,5.6450706e-05
0.9999324,6.75684e-05
0.999926,7.405187e-05
9.6069154e-05,0.9999039
0.9998912,0.00010880547
0.9999438,5.6213532e-05
0.99992126,7.8745245e-05
6.688483e-05,0.9999331
6.6685294e-05,0.9999333
6.780348e-05,0.99993217
0.9999451,5.4927077e-05
0.000116115596,0.9998839
8.3268395e-05,0.99991673
6.1878425e-05,0.99993813
0.00011097524,0.999889
8.471323e-05,0.9999153
6.403618e-05,0.999936
6.3191284e-05,0.9999368
0.9998884,0.00011161454
0.99991083,8.914806e-05
0.99994206,5.7931724e-05
0.99992293,7.706868e-05
0.99991834,8.16804e-05
0.9999416,5.8394195e-05
0.999922,7.8006145e-05
0.9998969,0.00010309994
0.99992895,7.1064525e-05
0.9999112,8.8819674e-05
6.819761e-05,0.9999318
0.9999359,6.407174e-05
0.9998926,0.00010739829
6.5676926e-05,0.9999343
7.9844445e-05,0.9999201
6.435525e-05,0.9999356
0.99992675,7.3229065e-05
6.859247e-05,0.9999314
0.99989176,0.00010824859
6.6090455e-05,0.9999339
8.712582e-05,0.99991286
0.9999344,6.5613705e-05
0.99994045,5.9556754e-05
7.415172e-05,0.99992585
6.184686e-05,0.99993813
8.990187e-05,0.9999101
0.99993676,6.32649e-05
0.9999303,6.96719e-05
8.3587016e-05,0.99991643
7.259233e-05,0.9999274
5.8232315e-05,0.99994177
0.9999458,5.417357e-05
0.28587204,0.7141279
0.9999277,7.231335e-05
0.9998869,0.00011312127
0.99990517,9.48484e-05
0.99990946,9.0554226e-05
0.9999359,6.406134e-05
5.85458e-05,0.99994147
0.010852966,0.989147
8.07716e-05,0.99991924
0.9999428,5.7231402e-05
0.9999497,5.0305134e-05
0.99994034,5.964308e-05
0.99992424,7.578803e-05
6.158797e-05,0.9999384
6.6308756e-05,0.9999337
6.4399144e-05,0.9999356
6.5936656e-05,0.9999341
6.852297e-05,0.99993145
6.4133535e-05,0.99993587
0.9999446,5.5373002e-05
7.485258e-05,0.99992514
0.99994123,5.875711e-05
7.372163e-05,0.99992627
0.9999249,7.5116295e-05
0.9999399,6.006288e-05
0.51260865,0.48739138
5.969782e-05,0.9999403
0.99994284,5.7153135e-05
0.9999132,8.677608e-05
6.2755906e-05,0.99993724
0.9999356,6.4361506e-05
0.9998761,0.00012392685
0.9999423,5.7690366e-05
0.99985814,0.00014185134
0.9999414,5.8572663e-05
9.269421e-05,0.9999073
9.0819805e-05,0.99990916
6.426761e-05,0.99993575
0.9999331,6.686135e-05
6.879737e-05,0.9999312
0.9998746,0.00012539333
0.9998301,0.00016986347
8.727117e-05,0.99991274
6.648085e-05,0.99993354
0.9997403,0.0002596529
0.9999439,5.611161e-05
0.00011886354,0.99988115
0.9999263,7.368973e-05
0.999867,0.0001330167
0.99994266,5.7337053e-05
0.9999384,6.15882e-05
7.427996e-05,0.99992573
6.648491e-05,0.99993354
0.9999168,8.322736e-05
0.99994564,5.4377404e-05
9.566017e-05,0.99990433
7.9957514e-05,0.99992007
6.813943e-05,0.9999319
0.99990666,9.336629e-05
9.8420234e-05,0.9999016
7.3989264e-05,0.99992603
7.3026145e-05,0.999927
0.9999458,5.4209442e-05
0.999937,6.302297e-05
0.99994093,5.9081813e-05
0.999937,6.2980485e-05
8.8883804e-05,0.9999111
0.99994147,5.85185e-05
0.9999037,9.6337215e-05
6.3570005e-05,0.9999364
0.99985516,0.00014484263
6.0447346e-05,0.99993956
6.6503984e-05,0.9999335
0.99994427,5.5719003e-05
6.565732e-05,0.9999343
0.99992275,7.724217e-05
0.9999428,5.7243735e-05
6.382549e-05,0.99993616
6.737294e-05,0.99993265
6.9863505e-05,0.99993014
9.18828e-05,0.9999081
0.99989367,0.00010635988
0.99994075,5.927719e-05
0.9999422,5.7818972e-05
0.9999357,6.4306296e-05
0.00011097524,0.999889
7.150106e-05,0.9999285
0.9999129,8.705939e-05
6.358535e-05,0.9999364
0.999936,6.402275e-05
5.910153e-05,0.9999409
6.722007e-05,0.99993277
6.827322e-05,0.99993175
7.0628295e-05,0.99992937
0.9999416,5.8394195e-05
0.9999062,9.384581e-05
0.9999415,5.8473324e-05
0.9998633,0.00013667473
6.282003e-05,0.9999372
7.769175e-05,0.99992234
0.99992174,7.8293735e-05
0.99991745,8.257248e-05
7.5223885e-05,0.9999248
0.99992687,7.311645e-05
0.9998805,0.000119538374
7.276615e-05,0.9999272
0.9999417,5.8310394e-05
0.9999393,6.0653885e-05
0.99991894,8.107759e-05
9.351768e-05,0.9999065
0.99994457,5.5418328e-05
7.088982e-05,0.99992913
6.77696e-05,0.9999322
6.350239e-05,0.9999365
0.9999292,7.07933e-05
6.756196e-05,0.99993247
0.9999249,7.509466e-05
0.9998334,0.00016658715
0.06882551,0.93117446
0.99994266,5.7318895e-05
0.00011788333,0.9998821
6.2178384e-05,0.99993783
0.99993086,6.91337e-05
7.004142e-05,0.99992996
0.9999359,6.40853e-05
0.9999081,9.192155e-05
0.9999118,8.821371e-05
0.99993694,6.307966e-05
9.284017e-05,0.99990714
0.99991465,8.5366446e-05
8.2173676e-05,0.9999178
0.9998769,0.00012311568
6.816861e-05,0.9999318
9.427984e-05,0.9999057
0.00015165225,0.99984837
6.533548e-05,0.9999347
6.4414686e-05,0.99993557
0.9999424,5.7600875e-05
9.362931e-05,0.99990636
0.0040047965,0.9959952
0.99990344,9.6562275e-05
0.9999328,6.717945e-05
0.99981695,0.00018309473
6.5974345e-05,0.999934
6.4492495e-05,0.9999355
0.99992925,7.0731e-05
6.563066e-05,0.9999344
0.9999199,8.012895e-05
0.99994487,5.5112392e-05
0.9999329,6.71423e-05
0.25598484,0.7440152
0.9999444,5.5598255e-05
0.99993485,6.5148386e-05
0.9999325,6.747492e-05
0.99993944,6.0573948e-05
9.214226e-05,0.99990785
6.2990395e-05,0.999937
8.5249216e-05,0.99991477
0.99991035,8.964009e-05
8.843033e-05,0.99991155
0.99989873,0.00010127025
0.9999276,7.2412164e-05
0.9999458,5.420613e-05
0.9999431,5.692951e-05
7.302649e-05,0.999927
6.862007e-05,0.9999314
6.62975e-05,0.9999337
0.9999363,6.3739724e-05
6.944968e-05,0.99993056
0.999874,0.00012601976
6.5241344e-05,0.99993473
6.811078e-05,0.9999319
0.9999343,6.570073e-05
8.311917e-05,0.9999169
6.900803e-05,0.999931
9.070936e-05,0.9999093
0.99990934,9.063586e-05
0.00015447587,0.9998455
0.99993706,6.2924286e-05
6.606866e-05,0.99993396
0.9999436,5.6366895e-05
0.9999429,5.7105684e-05
0.99994266,5.7362045e-05
7.150324e-05,0.9999285
0.9999385,6.151442e-05
0.9999027,9.729951e-05
7.848496e-05,0.9999215
0.99993485,6.513933e-05
6.461438e-05,0.9999354
7.2285766e-05,0.9999277
6.8036774e-05,0.999932
0.9999249,7.511221e-05
6.631849e-05,0.99993366
0.99993646,6.353316e-05
7.934176e-05,0.99992067
0.9999363,6.373675e-05
0.9999389,6.112084e-05
0.9998887,0.00011129433
0.9999384,6.157299e-05
0.00013579865,0.9998642
6.072021e-05,0.99993926
0.99994296,5.7069705e-05
0.99991274,8.729448e-05
0.99994063,5.9351223e-05
0.99992746,7.254611e-05
0.9999444,5.5588916e-05
6.47238e-05,0.99993527
6.435525e-05,0.9999356
0.000130286,0.9998697
0.9999381,6.1950865e-05
7.431687e-05,0.9999257
0.9999213,7.866778e-05
5.8089052e-05,0.9999419
0.9999378,6.224281e-05
0.9999093,9.0712565e-05
6.2837105e-05,0.9999372
0.9999265,7.3521056e-05
0.9999413,5.8706417e-05
6.090782e-05,0.9999391
7.347417e-05,0.9999265
5.9799186e-05,0.9999402
6.695738e-05,0.99993306
0.9999191,8.086802e-05
0.9998961,0.00010387006
0.99993575,6.4239175e-05
0.99992967,7.032137e-05
0.9999008,9.916152e-05
6.074772e-05,0.99993926
0.99993944,6.055801e-05
7.940889e-05,0.9999206
0.9999172,8.27994e-05
7.941791e-05,0.9999206
0.99994195,5.8046197e-05
6.405322e-05,0.9999359
7.0366776e-05,0.9999296
6.625136e-05,0.9999337
6.5813474e-05,0.9999342
0.9999297,7.029924e-05
0.00018459278,0.9998154
0.99994254,5.7474568e-05
0.9999298,7.021805e-05
0.999742,0.00025800246
0.000102760256,0.99989724
0.99987257,0.00012745279
7.6512006e-05,0.99992347
6.919352e-05,0.9999308
5.8089052e-05,0.9999419
0.9999412,5.8807782e-05
6.0511196e-05,0.9999395
6.46468e-05,0.9999353
0.9998959,0.00010416156
7.9251324e-05,0.9999207
0.9999413,5.8726582e-05
6.322926e-05,0.99993676
0.999937,6.298775e-05
0.99994314,5.6846242e-05
0.99993575,6.4230364e-05
0.9999395,6.049792e-05
0.9999252,7.4805124e-05
9.4046474e-05,0.99990594
0.02021561,0.97978437
7.299433e-05,0.999927
8.5286214e-05,0.9999147
0.97252154,0.027478417
0.9998919,0.00010813449
0.9998938,0.00010620774
0.9999287,7.127912e-05
0.9999409,5.9116297e-05
6.711221e-05,0.9999329
0.9998971,0.00010288958
0.99994504,5.4938548e-05
0.9999356,6.436568e-05
0.99992746,7.25594e-05
8.432372e-05,0.99991566
0.99993217,6.7831024e-05
6.1739556e-05,0.99993825
0.9999032,9.680937e-05
6.500461e-05,0.999935
8.168437e-05,0.99991834
6.7767854e-05,0.9999322
6.5531654e-05,0.9999345
0.99992365,7.635006e-05
0.00015037986,0.9998496
0.00011522901,0.9998848
0.9999152,8.484308e-05
7.8068806e-05,0.9999219
0.9999352,6.480488e-05
0.9999273,7.272156e-05
0.99990404,9.5963216e-05
0.9999325,6.746288e-05
6.196954e-05,0.999938
0.99993867,6.13577e-05
0.9998918,0.00010817244
0.9999396,6.0384493e-05
0.99992734,7.2675735e-05
0.0011804332,0.9988196
0.9999292,7.082179e-05
0.9999164,8.365009e-05
0.99994063,5.9354054e-05
6.203428e-05,0.99993795
0.9999376,6.238287e-05
0.9776879,0.0223121
0.99992734,7.2653005e-05
9.411286e-05,0.9999059
6.474367e-05,0.99993527
0.9999231,7.6879376e-05
0.99993885,6.1171915e-05
0.99990934,9.068575e-05
6.3392996e-05,0.9999366
0.99983734,0.00016267
0.9999409,5.9120754e-05
6.836886e-05,0.99993163
6.460515e-05,0.9999354
0.9999469,5.313175e-05
6.10195e-05,0.99993896
0.99994147,5.8530113e-05
0.9999423,5.7729445e-05
0.999926,7.4014526e-05
7.5034026e-05,0.99992496
0.99987686,0.00012313928
6.374533e-05,0.9999363
0.9999305,6.9489426e-05
0.9999385,6.153061e-05
0.00014076829,0.9998592
6.713039e-05,0.9999329
6.4071e-05,0.9999359
6.4760956e-05,0.99993527
0.0017865711,0.99821347
0.99993163,6.83673e-05
0.99990153,9.8450546e-05
0.99992836,7.1662296e-05
6.497028e-05,0.99993503
0.9999058,9.417103e-05
0.9999114,8.8549896e-05
0.99993694,6.3045976e-05
6.932331e-05,0.9999307
7.2229195e-05,0.99992776
0.2972145,0.7027855
0.99994606,5.393763e-05
0.99990433,9.5701136e-05
8.073049e-05,0.9999193
0.9998682,0.00013180712
0.9998736,0.00012644986
0.9999421,5.7866575e-05
7.388872e-05,0.9999261
0.00010956635,0.99989045
0.99986494,0.00013506242
7.35484e-05,0.99992645
6.63655e-05,0.99993366
0.00014300941,0.999857
0.9999415,5.844511e-05
0.9999425,5.7513167e-05
0.9999403,5.974202e-05
0.9999358,6.418879e-05
0.9999416,5.8435253e-05
0.000100655336,0.9998993
0.9998738,0.00012621049
7.011673e-05,0.9999299
7.7596174e-05,0.9999224
0.9999285,7.152806e-05
0.9999271,7.287755e-05
0.9998652,0.00013484944
0.99993926,6.071083e-05
6.459966e-05,0.9999354
0.9999454,5.458256e-05
7.401149e-05,0.999926
0.99993986,6.013016e-05
6.336447e-05,0.99993664
0.99991155,8.846399e-05
0.9999389,6.107818e-05
6.540499e-05,0.9999346
0.00010400118,0.999896
6.477948e-05,0.9999352
0.99991494,8.504152e-05
0.9999358,6.419754e-05
0.99991596,8.4042025e-05
0.99990827,9.1764785e-05
9.135449e-05,0.9999086
0.99990785,9.213541e-05
0.9999402,5.978972e-05
6.165261e-05,0.99993837
7.7754245e-05,0.9999223
6.8486974e-05,0.9999315
0.977325,0.022675006
6.0540973e-05,0.99993944
0.99989355,0.00010645647
0.99994254,5.7484434e-05
6.6709654e-05,0.9999333
0.9999412,5.8805206e-05
6.550954e-05,0.9999345
0.99992603,7.3963514e-05
6.760437e-05,0.9999324
0.9999451,5.4886917e-05
6.738688e-05,0.9999326
0.9999444,5.5596876e-05
6.635727e-05,0.99993366
6.809487e-05,0.99993193
0.9999419,5.8122743e-05
0.99987274,0.00012728058
6.641976e-05,0.9999336
0.00011047098,0.99988955
0.99993706,6.2921594e-05
0.9999427,5.7283272e-05
6.4722924e-05,0.99993527
0.9999251,7.490484e-05
0.9999259,7.411779e-05
0.9999243,7.571088e-05
6.236622e-05,0.99993765
6.979858e-05,0.9999302
9.179208e-05,0.9999082
0.9999292,7.082179e-05
0.00014908308,0.9998509
0.9999416,5.8428617e-05
0.99993736,6.266392e-05
6.704645e-05,0.99993294
0.9998846,0.00011542365
6.6113585e-05,0.9999339
7.326714e-05,0.99992675
0.00012439713,0.9998756
0.99993753,6.2456915e-05
0.99993163,6.839325e-05
0.999907,9.300952e-05
9.103266e-05,0.999909
0.9999483,5.1706473e-05
0.9999,0.00010004779
0.9999103,8.9737674e-05
0.9999356,6.4350956e-05
9.2170296e-05,0.99990785
6.299947e-05,0.999937
0.9999408,5.9177324e-05
0.99994075,5.9271195e-05
0.9999039,9.606576e-05
6.936072e-05,0.9999306
0.9999127,8.7337525e-05
0.9999375,6.250345e-05
0.999911,8.902328e-05
0.999876,0.0001240031
8.641521e-05,0.9999136
0.99993044,6.957098e-05
7.152226e-05,0.9999285
6.6954315e-05,0.99993306
0.99993974,6.0280126e-05
0.999935,6.504343e-05
0.9999448,5.5192493e-05
6.9422866e-05,0.99993056
6.115966e-05,0.99993885
0.9998335,0.00016651046
6.422614e-05,0.99993575
6.70136e-05,0.999933
0.99992603,7.398405e-05
0.00011139158,0.9998886
9.354453e-05,0.9999065
0.99992204,7.797826e-05
0.99990785,9.213541e-05
6.304399e-05,0.99993694
0.9999271,7.287199e-05
6.209051e-05,0.9999379
6.23856e-05,0.9999376
6.5309374e-05,0.9999347
0.9999315,6.851879e-05
0.99994487,5.512338e-05
6.614304e-05,0.99993384
0.99993974,6.0275583e-05
6.078411e-05,0.9999392
9.312177e-05,0.9999069
0.9999273,7.274577e-05
0.99993026,6.973364e-05
0.9999413,5.8742764e-05
6.7730914e-05,0.9999323
0.0012475977,0.9987524
0.9999421,5.784941e-05
0.9999356,6.4346415e-05
0.99994594,5.4035092e-05
0.9999431,5.693869e-05
0.9999433,5.667633e-05
6.714825e-05,0.9999328
6.4004686e-05,0.999936
0.9999441,5.589009e-05
0.9999444,5.561405e-05
8.675771e-05,0.9999132
0.00013778661,0.9998622
0.99994415,5.586041e-05
0.9999373,6.272419e-05
0.99993706,6.2946136e-05
0.99992704,7.2937124e-05
0.99992895,7.1042916e-05
0.0002422215,0.99975777
0.9999355,6.4484564e-05
6.505398e-05,0.999935
0.9998322,0.00016781525
0.99992543,7.459933e-05
0.99990577,9.42616e-05
0.9999388,6.120197e-05
0.00010145718,0.99989855
0.99990857,9.143625e-05
6.60904e-05,0.9999339
0.9999401,5.987993e-05
0.9999389,6.111209e-05
0.99985194,0.0001480437
6.934268e-05,0.9999307
0.000101051475,0.99989897
0.9999433,5.669136e-05
6.171889e-05,0.9999383
7.090004e-05,0.99992913
9.346776e-05,0.99990654
6.4261294e-05,0.99993575
0.9999404,5.962671e-05
0.9999431,5.6952216e-05
0.99993956,6.0455823e-05
7.219607e-05,0.9999278
6.1491555e-05,0.9999385
0.9999444,5.562774e-05
6.6353474e-05,0.99993366
6.5736014e-05,0.99993426
7.639769e-05,0.9999236
0.99992996,7.0033006e-05
6.1144034e-05,0.99993885
0.99994034,5.9667946e-05
0.9999396,6.0388982e-05
6.325253e-05,0.99993676
0.9999368,6.317429e-05
8.712582e-05,0.99991286
6.830774e-05,0.9999317
0.99993104,6.898033e-05
0.9999395,6.050669e-05
6.269466e-05,0.9999373
0.9998679,0.00013207221
0.9999247,7.527619e-05
6.126924e-05,0.9999387
5.9538525e-05,0.99994045
9.2262104e-05,0.99990773
0.00010253522,0.9998975
0.9999342,6.581378e-05
0.9999311,6.889361e-05
6.23733e-05,0.99993765
6.956993e-05,0.99993044
0.99991775,8.225451e-05
0.9999299,7.00813e-05
0.9999402,5.9772618e-05
0.9999366,6.342106e-05
0.9998382,0.00016182793
7.02382e-05,0.9999298
6.3546424e-05,0.99993646
9.300322e-05,0.999907
0.9998731,0.0001269113
5.5983226e-05,0.99994403
0.9999402,5.976635e-05
6.688202e-05,0.9999331
7.7220444e-05,0.99992275
6.5789376e-05,0.9999342
0.00010632702,0.99989367
0.99982655,0.00017349236
0.99993473,6.5247565e-05
6.72527e-05,0.99993277
0.99992484,7.517463e-05
0.9999303,6.965257e-05
8.865814e-05,0.99991137
0.99994045,5.952382e-05
0.99991846,8.151637e-05
0.99993426,6.5722284e-05
0.9999243,7.571088e-05
6.47175e-05,0.99993527
7.858756e-05,0.99992144
0.99990386,9.616641e-05
6.746448e-05,0.9999325
7.115526e-05,0.99992883
0.9998852,0.00011480401
0.9999331,6.68676e-05
0.999925,7.498288e-05
0.99994236,5.76145e-05
0.9998751,0.00012489894
6.676986e-05,0.99993324
6.7615394e-05,0.9999324
6.7480956e-05,0.9999325
0.00015551025,0.9998445
7.084367e-05,0.99992913
0.9999435,5.6516146e-05
0.00016687633,0.9998331
0.0001721615,0.99982786
0.99993885,6.117653e-05
7.970356e-05,0.9999203
6.469578e-05,0.9999353
0.9999416,5.8421767e-05
7.558385e-05,0.9999244
7.417902e-05,0.9999258
0.9999405,5.9494985e-05
0.9999375,6.2522704e-05
0.99991333,8.66894e-05
7.279933e-05,0.9999272
0.99992913,7.090119e-05
0.99994,6.0001166e-05
0.9998969,0.0001031031
6.5464024e-05,0.99993455
6.1259656e-05,0.9999387
0.9999441,5.590459e-05
0.99993753,6.244096e-05
0.9999086,9.1350754e-05
0.99994344,5.6564782e-05
7.222265e-05,0.99992776
0.999945,5.5031094e-05
0.99994105,5.89323e-05
0.9997021,0.0002978826
9.2198774e-05,0.9999078
0.9999429,5.710051e-05
0.00010097769,0.999899
0.99990654,9.345822e-05
5.9000165e-05,0.999941
0.9999386,6.137947e-05
0.9998062,0.00019380583
0.99994576,5.424849e-05
0.99993885,6.114573e-05
6.176506e-05,0.99993825
6.128285e-05,0.9999387
6.592767e-05,0.9999341
6.273759e-05,0.99993724
6.54893e-05,0.9999345
6.184633e-05,0.99993813
6.972394e-05,0.99993026
0.9998966,0.00010339473
8.7506e-05,0.9999125
0.999938,6.1980536e-05
0.99993825,6.177914e-05
7.558197e-05,0.9999244
0.999916,8.396857e-05
0.99994004,5.9941685e-05
0.9999048,9.521686e-05
0.00015805115,0.9998419
6.654427e-05,0.9999335
6.2990395e-05,0.999937
6.552991e-05,0.9999345
0.99993974,6.0258742e-05
7.2818075e-05,0.99992716
0.9999246,7.543169e-05
6.879055e-05,0.9999312
0.99993974,6.0284267e-05
7.558219e-05,0.9999244
6.461858e-05,0.9999354
6.349077e-05,0.9999365
9.872591e-05,0.9999013
0.99987155,0.00012848842
0.9999212,7.881563e-05
0.00014260106,0.9998574
7.7291974e-05,0.9999227
0.9999428,5.7209247e-05
0.99993646,6.356946e-05
6.091775e-05,0.9999391
6.7684865e-05,0.9999323
6.902027e-05,0.999931
0.9999094,9.061314e-05
0.9999249,7.512553e-05
9.36311e-05,0.99990636
0.9999332,6.684638e-05
6.6327855e-05,0.99993366
0.999927,7.299035e-05
0.9998614,0.00013859184
0.9999438,5.620072e-05
8.3406834e-05,0.9999166
6.8003246e-05,0.999932
6.225688e-05,0.9999378
0.9999234,7.656909e-05
6.266142e-05,0.99993736
0.9998736,0.00012642876
0.9999364,6.357412e-05
0.99993753,6.247878e-05
6.638505e-05,0.9999336
6.814554e-05,0.9999319
6.2323525e-05,0.99993765
6.190794e-05,0.9999381
0.00010949595,0.9998905
0.99993974,6.0239952e-05
0.9999178,8.219163e-05
0.000103513004,0.99989647
0.99994487,5.516124e-05
0.99994016,5.9851383e-05
0.9999338,6.623987e-05
0.99992794,7.204181e-05
7.908856e-05,0.9999209
9.935234e-05,0.99990064
6.262187e-05,0.99993736
6.582088e-05,0.9999342
0.99993575,6.4249165e-05
6.450738e-05,0.9999355
7.6498225e-05,0.9999235
0.99994504,5.4929376e-05
0.9999386,6.139071e-05
0.9998922,0.0001078116
6.170489e-05,0.9999383
7.3606854e-05,0.9999264
0.99974716,0.00025283365
0.9999297,7.030072e-05
0.9999418,5.816139e-05
6.4597996e-05,0.9999354
0.99991953,8.050025e-05
6.477787e-05,0.9999352
7.692382e-05,0.99992305
0.9999358,6.4190004e-05
0.9999442,5.5799614e-05
0.9999414,5.856713e-05
9.716071e-05,0.99990284
6.638214e-05,0.9999336
6.6816225e-05,0.9999332
0.9999433,5.6707795e-05
6.0676626e-05,0.9999393
5.96312e-05,0.9999404
0.99993825,6.1723775e-05
0.99994326,5.6768396e-05
8.81077e-05,0.9999119
0.9999441,5.5917444e-05
0.99994004,5.9962505e-05
6.957006e-05,0.99993044
6.775474e-05,0.9999322
8.850853e-05,0.9999115
8.269816e-05,0.9999173
0.9943712,0.005628831
0.9999276,7.241478e-05
6.477318e-05,0.9999352
0.99993783,6.2180465e-05
7.577502e-05,0.99992424
0.99990636,9.363655e-05
9.6717915e-05,0.99990326
0.999926,7.405512e-05
0.0001575489,0.99984246
0.9989686,0.0010313882
0.000119075,0.9998809
6.3363135e-05,0.99993664
9.333558e-05,0.99990666
6.244e-05,0.99993753
6.262695e-05,0.99993736
8.6748776e-05,0.9999133
6.4485976e-05,0.9999355
0.00016590617,0.9998341
6.5153305e-05,0.99993485
0.99990547,9.4542105e-05
0.9999275,7.247033e-05
6.23041e-05,0.9999377
0.9999162,8.382361e-05
0.9998772,0.00012282441
0.9999101,8.9875044e-05
0.99989253,0.00010745433
0.00011100487,0.999889
6.188315e-05,0.99993813
6.2068015e-05,0.99993795
6.0206934e-05,0.9999398
0.9998489,0.00015113545
9.070936e-05,0.9999093
9.473108e-05,0.9999053
6.3096624e-05,0.9999369
0.99993646,6.3565094e-05
0.99992466,7.533199e-05
0.00010226045,0.9998977
6.671857e-05,0.9999333
9.264173e-05,0.9999074
0.99992746,7.255345e-05
0.00012053626,0.9998795
7.6326105e-05,0.99992365
0.99994797,5.2039533e-05
0.9999386,6.139071e-05
6.2838786e-05,0.9999372
6.387109e-05,0.9999361
8.674497e-05,0.9999133
0.99993414,6.589374e-05
0.21094112,0.78905886
0.9999257,7.43039e-05
0.010693979,0.98930603
0.99994135,5.8682464e-05
0.99992865,7.135284e-05
0.020111628,0.9798884
9.5491465e-05,0.9999045
0.99990916,9.083998e-05
0.9999376,6.238453e-05
0.99994385,5.61335e-05
0.9999232,7.6799945e-05
0.9999401,5.9904432e-05
6.470046e-05,0.9999353
0.9999273,7.272156e-05
8.1599894e-05,0.9999184
0.9999373,6.271385e-05
0.9999421,5.78674e-05
0.9999474,5.2561067e-05
6.759103e-05,0.9999324
0.9999251,7.492328e-05
0.0001515905,0.9998484
0.9999431,5.6899502e-05
0.99994504,5.494096e-05
8.7403176e-05,0.9999126
0.0001177893,0.9998822
0.99994224,5.7754438e-05
0.99988997,0.00011006405
0.9905444,0.009455618
0.9999155,8.451306e-05
7.412944e-05,0.99992585
0.014677483,0.9853225
0.99992347,7.65347e-05
0.9999427,5.7281522e-05
8.191893e-05,0.9999181
6.104697e-05,0.99993896
6.9943635e-05,0.9999301
6.431802e-05,0.9999357
0.9999367,6.329007e-05
0.99993134,6.869046e-05
0.00011729679,0.9998827
6.734942e-05,0.99993265
6.0965e-05,0.999939
0.9998661,0.00013385696
0.99994016,5.986446e-05
9.273214e-05,0.99990726
6.139042e-05,0.9999386
0.99993926,6.071789e-05
0.9999402,5.9794165e-05
6.487698e-05,0.99993515
5.8925838e-05,0.99994105
0.999881,0.000118998614
0.0009227985,0.9990772
7.264254e-05,0.99992734
9.353865e-05,0.9999065
9.87663e-05,0.99990124
0.9999432,5.6811936e-05
0.99928516,0.00071488286
0.9999398,6.0215953e-05
0.99992263,7.735916e-05
0.99993646,6.354564e-05
0.00019181427,0.9998082
7.016127e-05,0.99992985
7.558385e-05,0.9999244
7.097444e-05,0.999929
9.738638e-05,0.9999026
0.00017604545,0.999824
6.714626e-05,0.9999328
0.00010545471,0.99989456
6.133068e-05,0.99993867
0.99992704,7.2984025e-05
0.9999411,5.8890786e-05
0.9998818,0.00011820718
0.9998982,0.00010179617
0.99990577,9.421531e-05
9.3176044e-05,0.99990684
6.6256995e-05,0.9999337
6.7544825e-05,0.99993247
0.99363506,0.006364949
0.9999459,5.4151675e-05
6.47238e-05,0.99993527
0.99994254,5.7484434e-05
7.843401e-05,0.99992156
6.283579e-05,0.9999372
0.05499744,0.94500256
0.0005298417,0.9994701
0.9999427,5.7255747e-05
6.8056885e-05,0.99993193
0.9999363,6.37277e-05
0.99994594,5.4090826e-05
7.1032e-05,0.99992895
0.9999017,9.831011e-05
0.9999374,6.261142e-05
0.99992585,7.41238e-05
0.9999289,7.109544e-05
0.99994373,5.6256486e-05
0.00015441254,0.99984556
0.99994147,5.851906e-05
0.9999431,5.6940535e-05
6.230695e-05,0.9999377
6.495473e-05,0.99993503
0.99989575,0.00010428391
6.0355935e-05,0.9999396
0.9999461,5.3856063e-05
6.9376074e-05,0.9999306
6.720962e-05,0.99993277
9.6962634e-05,0.999903
6.791375e-05,0.9999321
0.9999404,5.9602255e-05
0.9999282,7.1847455e-05
0.9998192,0.00018082815
0.00014504166,0.999855
0.999872,0.00012800441
0.00015552729,0.9998445
0.99993616,6.381344e-05
8.278661e-05,0.9999172
6.9033296e-05,0.999931
6.149501e-05,0.9999385
6.426069e-05,0.99993575
0.99994123,5.8768877e-05
8.205412e-05,0.9999179
6.689401e-05,0.9999331
6.846594e-05,0.9999315
0.9999026,9.739892e-05
5.9227743e-05,0.99994075
0.9999497,5.030067e-05
0.00019064403,0.9998094
0.9689763,0.031023692
0.9998529,0.00014713754
0.00017904077,0.99982095
6.1009603e-05,0.99993896
0.9999441,5.5900484e-05
6.4413216e-05,0.99993557
0.99994266,5.736046e-05
7.65404e-05,0.99992347
0.99994004,5.9967366e-05
0.9998864,0.00011359851
0.99975306,0.00024692403
9.1096146e-05,0.9999089
6.5747416e-05,0.99993426
6.565575e-05,0.9999343
0.0026582729,0.99734175
0.99991035,8.9674984e-05
6.098733e-05,0.999939
8.157904e-05,0.9999184
0.99992627,7.375511e-05
0.999923,7.703561e-05
0.9999092,9.0784386e-05
6.002727e-05,0.99994
0.91333264,0.086667314
0.9999444,5.558855e-05
7.860652e-05,0.9999214
0.9999413,5.8738002e-05
0.9999397,6.031497e-05
0.99914217,0.0008578418
0.99993783,6.21791e-05
0.99994177,5.8258196e-05
0.000113060996,0.99988693
0.99986476,0.00013527369
0.99990654,9.3442184e-05
8.95193e-05,0.9999105
0.9999455,5.4477103e-05
0.99993116,6.8831236e-05
0.9998947,0.00010533612
0.9999445,5.5513377e-05
0.9999325,6.747677e-05
0.99974984,0.00025017152
8.2109145e-05,0.99991786
0.9999407,5.9301667e-05
0.00026716857,0.99973285
7.9679085e-05,0.9999203
6.327136e-05,0.9999367
6.29018e-05,0.9999371
0.9999145,8.550487e-05
0.00015834921,0.99984163
6.85599e-05,0.99993145
0.9999349,6.50621e-05
6.4920605e-05,0.9999351
0.99990827,9.1751484e-05
0.99993587,6.416076e-05
0.9999285,7.1541166e-05
0.99989545,0.00010457069
7.387421e-05,0.99992615
0.9999346,6.538484e-05
6.1575636e-05,0.9999384
0.000108765,0.9998912
6.466425e-05,0.9999353
9.273214e-05,0.99990726
0.99994624,5.3787906e-05
5.969282e-05,0.99994034
0.9999424,5.7574736e-05
0.99988997,0.00011003688
7.847837e-05,0.9999215
0.00011100286,0.999889
6.2599545e-05,0.9999374
7.601885e-05,0.999924
0.9999224,7.7589364e-05
9.5561976e-05,0.99990445
0.99994063,5.9370865e-05
0.9998903,0.00010967306
6.410382e-05,0.9999359
0.99993825,6.1771476e-05
6.9165755e-05,0.99993086
6.567454e-05,0.9999343
0.9999004,9.957674e-05
0.9999414,5.8598525e-05
6.072021e-05,0.99993926
6.231283e-05,0.9999377
0.99989,0.000109977605
0.9999425,5.7515634e-05
9.9381235e-05,0.99990064
0.9998715,0.00012850754
0.99993783,6.217151e-05
6.667067e-05,0.9999333
8.7959444e-05,0.999912
6.984132e-05,0.99993014
6.498744e-05,0.99993503
0.9999307,6.929925e-05
0.99993587,6.416076e-05
6.651458e-05,0.9999335
5.9685986e-05,0.99994034
0.99991184,8.818604e-05
0.99991775,8.225797e-05
0.999938,6.19813e-05
0.9998748,0.00012521351
6.593471e-05,0.9999341
0.9999374,6.257388e-05
7.9505655e-05,0.9999205
9.4417584e-05,0.9999056
6.896994e-05,0.99993104
6.584869e-05,0.99993414
6.7617904e-05,0.9999324
0.99987096,0.00012907689
0.9999356,6.436937e-05
6.676986e-05,0.99993324
6.544118e-05,0.99993455
0.9998831,0.00011688378
6.182085e-05,0.9999382
0.00017402435,0.99982595
0.99992585,7.4158655e-05
8.3310726e-05,0.9999167
0.9999153,8.468352e-05
0.999946,5.4009743e-05
0.9999166,8.341287e-05
0.9999336,6.64204e-05
6.506284e-05,0.9999349
5.865069e-05,0.99994135
7.8570316e-05,0.99992144
6.6098706e-05,0.9999339
7.548704e-05,0.99992454
0.9999396,6.0394916e-05
0.7008803,0.2991197
0.99993974,6.028231e-05
0.99988914,0.000110869674
0.99991244,8.7566936e-05
0.99992466,7.533666e-05
0.9999401,5.9883125e-05
0.9999391,6.0893533e-05
0.9999378,6.222928e-05
0.99992156,7.8416204e-05
6.045738e-05,0.99993956
7.675631e-05,0.9999232
6.654427e-05,0.9999335
0.99993354,6.64837e-05
6.6667046e-05,0.99993336
0.9999074,9.2625196e-05
6.439429e-05,0.9999356
9.367557e-05,0.9999063
7.302649e-05,0.999927
0.9999407,5.932955e-05
0.99985117,0.0001488538
0.9998476,0.0001524001
6.4354026e-05,0.9999356
7.848098e-05,0.9999215
0.99993104,6.898033e-05
6.494364e-05,0.99993503
6.380394e-05,0.9999362
0.99991053,8.9460336e-05
0.9999362,6.37503e-05
7.360952e-05,0.9999264
0.9999452,5.479017e-05
6.160477e-05,0.99993837
0.9999359,6.410352e-05
6.400199e-05,0.999936
8.642922e-05,0.9999136
0.9999418,5.8190402e-05
0.99991226,8.774473e-05
0.9999429,5.712627e-05
7.004416e-05,0.99992996
0.99994016,5.9869424e-05
7.0397116e-05,0.9999296
7.642713e-05,0.9999236
8.5543674e-05,0.99991447
0.00010383727,0.99989617
8.5288324e-05,0.9999147
0.999906,9.3982286e-05
0.9999243,7.5717886e-05
6.26187e-05,0.99993736
0.9999405,5.948682e-05
0.9999286,7.1435636e-05
0.99991643,8.357243e-05
6.269466e-05,0.9999373
0.99993515,6.4838634e-05
0.99991894,8.105562e-05
6.65168e-05,0.9999335
6.497951e-05,0.99993503
6.8332694e-05,0.9999317
0.9998501,0.00014990127
7.1450755e-05,0.99992853
5.6892015e-05,0.99994314
0.99988914,0.0001108831
6.62345e-05,0.9999338
0.9996875,0.00031249068
8.073572e-05,0.99991924
0.9999427,5.728524e-05
0.9999434,5.660282e-05
6.65083e-05,0.9999335
9.563207e-05,0.9999044
7.016127e-05,0.99992985
0.9999424,5.7552665e-05
0.99994034,5.9668004e-05
0.99990535,9.468673e-05
6.287517e-05,0.9999371
0.18411621,0.81588376
8.8851266e-05,0.9999111
9.775353e-05,0.99990225
0.9999428,5.7229274e-05
0.9999424,5.759791e-05
7.503216e-05,0.99992496
0.99989885,0.00010116214
0.99994344,5.6547306e-05
8.478047e-05,0.99991524
0.9999252,7.48266e-05
6.796273e-05,0.99993205
6.55091e-05,0.9999345
6.48969e-05,0.9999351
6.2828956e-05,0.9999372
0.9999234,7.659677e-05
0.9999283,7.170769e-05
7.880181e-05,0.9999212
6.488756e-05,0.9999351
0.9998901,0.00010991785
8.13356e-05,0.99991864
0.99988294,0.00011708234
0.999929,7.099739e-05
0.9999401,5.990752e-05
0.99993485,6.517219e-05
6.960184e-05,0.9999304
0.99994206,5.794775e-05
5.9313144e-05,0.9999407
0.9999448,5.5180917e-05
0.9999232,7.679175e-05
0.9999384,6.15882e-05
0.99993885,6.1156104e-05
0.9999256,7.439735e-05
7.166769e-05,0.99992836
6.4443506e-05,0.99993557
0.9999427,5.730207e-05
0.000101805206,0.9998982
0.99994,6.0001337e-05
7.075894e-05,0.99992925
6.4332184e-05,0.9999357
0.9999244,7.555451e-05
7.391211e-05,0.9999261
0.999919,8.098571e-05
0.00010942769,0.99989057
0.99993175,6.823716e-05
0.00040476443,0.9995953
0.9998858,0.000114206865
7.8594676e-05,0.9999214
6.352128e-05,0.99993646
5.9875816e-05,0.9999401
6.954796e-05,0.99993044
0.9999358,6.419754e-05
6.336936e-05,0.99993664
0.00011447989,0.9998855
0.9999313,6.871319e-05
0.00010370983,0.9998963
0.9999402,5.9774156e-05
0.9998994,0.00010061551
0.9999076,9.2418835e-05
0.9999076,9.2405186e-05
0.9999431,5.692159e-05
7.904158e-05,0.99992096
6.9462134e-05,0.99993056
5.935009e-05,0.99994063
0.9998923,0.000107688706
8.475178e-05,0.99991524
8.179365e-05,0.9999182
0.00012288369,0.9998771
0.99992675,7.325952e-05
6.670336e-05,0.9999333
0.99993145,6.8533824e-05
7.569558e-05,0.9999243
0.99994355,5.645307e-05
0.00010618477,0.99989384
0.9999068,9.3215596e-05
8.365423e-05,0.9999164
8.9858324e-05,0.9999101
0.9999325,6.747677e-05
9.040117e-05,0.9999096
0.99994427,5.5738827e-05
0.99989337,0.00010666204
6.6028966e-05,0.99993396
0.99994034,5.9683647e-05
6.0022972e-05,0.99994
0.9999383,6.168671e-05
0.99994224,5.7759178e-05
0.9999138,8.6176e-05
7.712728e-05,0.9999229
0.99992543,7.454819e-05
6.428754e-05,0.9999357
0.00011393808,0.99988604
0.9999427,5.73048e-05
0.99993587,6.41142e-05
0.99992156,7.842435e-05
6.63467e-05,0.99993366
0.99994004,5.994975e-05
7.2285766e-05,0.9999277
0.9998714,0.00012864069
9.9703204e-05,0.9999003
0.00011019008,0.9998898
6.2511615e-05,0.9999375
0.9999415,5.8491783e-05
0.99992615,7.383109e-05
0.99991417,8.581084e-05
0.9998346,0.00016541792
5.9129434e-05,0.9999409
6.776966e-05,0.9999322
0.000112207665,0.99988776
7.4811906e-05,0.9999252
0.99993485,6.5131004e-05
9.1385264e-05,0.9999086
0.99992204,7.797357e-05
0.9999159,8.41166e-05
0.9998504,0.00014961926
9.253762e-05,0.99990743
0.99994177,5.8254427e-05
0.99987084,0.00012917255
0.99987805,0.000121968085
0.9999447,5.5300654e-05
0.9999357,6.428729e-05
7.1082206e-05,0.9999289
0.99990374,9.625961e-05
0.99994266,5.7334262e-05
0.00016335312,0.9998366
6.925009e-05,0.99993074
6.501303e-05,0.999935
5.675113e-05,0.99994326
0.99990714,9.288781e-05
0.99994016,5.9861373e-05
0.99994665,5.3319494e-05
7.64428e-05,0.9999236
7.736491e-05,0.99992263
0.9999308,6.9175905e-05
0.00017141536,0.9998286
0.9999197,8.027763e-05
0.9999164,8.365918e-05
0.9999007,9.9281875e-05
8.191589e-05,0.9999181
0.99991035,8.96524e-05
6.373724e-05,0.9999363
0.9999288,7.124066e-05
0.9999359,6.410352e-05
0.9999462,5.384246e-05
9.469557e-05,0.9999053
9.08587e-05,0.99990916
0.99994045,5.9521433e-05
0.99993676,6.322154e-05
0.9999287,7.126982e-05
7.69953e-05,0.999923
0.99993825,6.173221e-05
6.2072395e-05,0.99993795
6.1058505e-05,0.99993896
0.999943,5.7005353e-05
7.3697025e-05,0.9999263
6.4410575e-05,0.99993557
0.99990344,9.6562275e-05
0.99991876,8.123941e-05
